Node,Betweenness
363,0.18684530817709602
1072,0.16825847568625188
311,0.033879756706322935
1034018,0.025404693695229148
663560,0.01924174493734965
1846,0.018993983264883847
1491,0.013740077515119069
1490,0.013476630346779473
2486,0.0131983880147965
4,0.012781224336981405
2526,0.012607073050453634
617,0.011413365345874156
665990,0.011232579967550628
210,0.010373944011649986
106,0.009986458841592515
3100,0.009080132995315566
13568,0.008575449561085486
727,0.008111806913456834
4936,0.00784943955098611
455,0.0062005654064479976
1064,0.005906852238567809
8387,0.005890507212631226
1013,0.005831317738382829
2421,0.00575884461883749
1037,0.005622722635102175
97139,0.005405719151443865
3524,0.005297249301066765
60444,0.0049028507036713775
701,0.0045238897352309106
6430,0.004458938591040542
114922,0.004390640585359033
663852,0.0043579182528461925
23463,0.004218989618785621
61544,0.004204366273624284
2474,0.004145745199990995
1705,0.00407837325810517
790,0.0038760823904009285
773,0.003699091068592005
94,0.003642587593183543
482709,0.0036198829053668115
34,0.0035167729741313355
21342,0.003304185314068362
1271,0.0032980990935398548
96070,0.0032448009623486577
8001,0.00321399116513853
6396,0.0031704129987688424
480,0.003051264343117049
683704,0.003033874987166104
21250,0.003004942975310598
1643,0.00297697933288515
404,0.002955146555880725
7731,0.0029076394030534947
357531,0.0029049895268536217
24804,0.0028773348168012504
5274,0.0028600239745935493
881,0.0028184649944527768
20042,0.0028124858519289414
77460,0.00278509408774553
743,0.0027678853562542027
35661,0.0026904222757043817
4444,0.0026823499626908486
1042,0.002671712602202989
1119,0.002571666935660319
811,0.0025715818024953634
78,0.0025658957666664117
20593,0.00254359271956409
195,0.0025281629355876785
93707,0.0025000683353410963
104583,0.0024895011845721283
37315,0.002469043283524265
35430,0.002459645023993702
517,0.002455024104110035
13025,0.0024203156844939786
730,0.0024132040551022712
21171,0.0024029123971113816
77296,0.002373933355553377
15144,0.0023463429276727303
543,0.0023348820105774494
4719,0.002333174641550668
93540,0.0023001330989188768
4542,0.0022940283150258544
2302,0.0022862653357710884
6405,0.0022829150141587696
168,0.0022727742707677684
1272,0.002197547102188975
84543,0.002182397661665729
20328,0.0021655917915839053
8746,0.0021372423742214704
61560,0.0020866842911898996
6441,0.002078634663348954
5235,0.002072423277155038
1259,0.0020615524645471086
4649,0.0020486479665952372
44006,0.0020352201560765153
20193,0.001991183255384473
17405,0.0019643061212134745
104,0.0019517246410946797
3156,0.001947241359450931
663931,0.0019336622423683813
929,0.0019221987848111932
665647,0.0019125399601850814
5204,0.0019102001584720852
664251,0.0019067972818451692
18173,0.0018980007691737208
4806,0.0018773907200804773
18859,0.0018747285358814677
166706,0.0018652983312379336
1203,0.0018560012277348934
72,0.0018332463801128598
2845,0.001827106274360421
116548,0.0018259243604034179
77628,0.0018180100153263091
154,0.0017997609928216546
530,0.0017929714548267509
33784,0.0017848141069263942
10844,0.0017747045813929364
27544,0.0017719272032831665
668140,0.0017681921481960013
18106,0.0017393090620901692
4419,0.0017358416871845225
2059,0.0017146228204697339
18303,0.0017018473088442213
3552,0.0016920776531623067
21118,0.0016905902775089673
16173,0.0016834121156677263
1191,0.0016784238606014337
5447,0.001667625043613174
5702,0.0016618216691119828
2480,0.001638126808574083
470,0.0016254409936980515
700457,0.0016187234437337935
5988,0.0016184840143543598
4608,0.0016150809453668302
20257,0.0016095459578412108
341,0.0016029486412866365
2599,0.001590783693305901
803,0.001586065638187773
106144,0.0015782785665871917
2642,0.0015672391794081901
108624,0.0015621235285935714
6268,0.0015558923584353865
667116,0.0015549391145364406
1500,0.0015262625865529195
17956,0.0015233391142683717
6401,0.0015215160536041618
808,0.0014850108104644448
2246,0.0014517876187433122
106984,0.0014423200650441838
9884,0.0014394689748981697
17302,0.0014362255828717708
30132,0.0014085260119544075
17343,0.001391025974089356
8792,0.0013688019447880785
367,0.0013605621869948736
2711,0.0013532048672348002
7828,0.0013524679819144204
21160,0.0013465373439264852
25650,0.0013451409806896082
2687,0.0013422812136192274
10635,0.0013385351639153458
21473,0.0013378549863627123
93931,0.0013214472410603055
666986,0.001316813522591312
2604,0.0013043524958215795
63994,0.0013025849430039283
20200,0.0012967809169290342
2709,0.0012953096369611907
20913,0.0012804885245179358
13601,0.0012794589719828686
4760,0.0012692999219727624
826,0.0012670105740514115
197,0.0012663006683435783
6332,0.0012649735456792717
806,0.001253820722920248
23859,0.0012475774694943645
5801,0.0012281136475296242
59804,0.0012195229849889895
697672,0.001216074869361083
1809,0.001207762357795493
2722,0.0012028416787585323
6460,0.0012023741040970248
18245,0.0012017796178587256
20508,0.0012015408882423385
104302,0.0011987885632902193
24065,0.001196539366157519
4690,0.0011858285383749426
30114,0.0011845835837830077
204,0.0011824027641257765
26085,0.0011772948675293324
132892,0.0011770512093527087
20604,0.0011730499151433643
20049,0.0011713021367803034
9735,0.0011692115614436746
20364,0.0011660675279517904
1975,0.0011646713875591568
20636,0.0011623395184065036
20903,0.001160786471011
21326,0.0011594807973253414
1070,0.0011539134040771766
1451,0.0011521706112941916
882,0.001149713226181342
33624,0.0011491228778361664
22211,0.0011487432268431422
3425,0.0011424884272932768
17717,0.0011336123251354864
7709,0.0011287706916464166
683021,0.0011277161209656643
2633,0.0011191793785748552
4614,0.0011139378310544756
69932,0.0011102824002752008
1169,0.0011008040652069745
349,0.001099441274723249
61316,0.0010936333924701327
14778,0.001092716798016387
2560,0.001085290111822395
106501,0.0010807671878362397
24435,0.0010794469930833863
663609,0.0010670804255313484
38338,0.0010591481465109308
47764,0.0010585275828364422
32498,0.0010557731749850831
663823,0.0010551591948368922
8835,0.0010433007847537694
664283,0.0010397367126128848
3696,0.0010393555979624663
12683,0.0010380708314954373
927,0.0010371248381306803
8608,0.0010343011946736438
670292,0.0010218088979204857
18371,0.0010156498815718617
1851,0.0010073528862233133
27020,0.0010047672454174793
11287,0.0010028940518800242
33542,0.0010027527029671892
7785,0.0009974784609301617
2173,0.000992096097927995
681398,0.0009900535972594562
23130,0.0009810798923711357
18118,0.0009783100803856895
866,0.0009781975046684354
1575,0.0009777160360370048
21352,0.0009752237371899244
90523,0.0009707256194282983
1233,0.0009679108772775673
21066,0.0009677393910969363
908,0.0009623696330144493
1024,0.0009571924903590471
1432,0.0009563616519569941
1959,0.000955850403104682
18675,0.0009545046250269412
1835,0.0009510643197242393
20796,0.0009483800982315545
4631,0.0009466822235421234
209691,0.0009426269916727773
20235,0.0009352497733600949
804,0.0009341785465025769
5038,0.0009338066443964148
37399,0.0009318897372711382
104535,0.0009306012903622152
11304,0.000928966026885091
6463,0.000928842171200833
24321,0.0009263006067735962
1418,0.0009262275308123564
18614,0.0009240528392260734
68028,0.0009229628197665317
1447,0.0009108471672741841
20146,0.0009034568985674869
1274,0.0009026946235454416
9378,0.0008981079146178386
1065,0.0008981015070629317
38273,0.000885925163286357
5595,0.0008849771033717384
2233,0.0008848340668082328
890,0.0008809681364097481
20000,0.000880780410220702
37340,0.0008799988288412939
20934,0.0008795993832184924
41816,0.0008775306377845326
33788,0.0008739645177132368
21183,0.0008723809921831477
96699,0.0008709291487602427
124,0.0008700932165500132
6722,0.0008683596675556902
75568,0.0008674334361544288
77839,0.0008607288203325565
384,0.0008576555683992234
16347,0.0008552232187712896
2317,0.0008539345565857699
20734,0.0008522233157342858
5694,0.0008519072795859228
667263,0.0008483894248784595
3447,0.0008438131058627769
2549,0.0008332026039759442
44013,0.0008316003967322532
11917,0.0008307893935869089
25525,0.0008296207876196306
30050,0.00082955444576762
11010,0.000829147426198218
832,0.0008267025731873084
25098,0.0008258098334403082
6382,0.0008236551206300352
63633,0.0008184093636474513
664320,0.0008172818719106635
528,0.0008114709647570164
186564,0.0008104356329327078
2,0.000810003339459299
928,0.000805305767832222
84978,0.000799001013990509
71076,0.0007980689166257828
1019,0.0007976363201267518
18855,0.0007954176493281455
94200,0.0007949216405184022
104366,0.0007939450090098329
11810,0.0007937088618576626
280436,0.0007916262887849941
237684,0.0007896005834545157
940,0.0007893374934024076
62572,0.000787270549009294
1593,0.000786156964084415
2287,0.0007809486103328581
62876,0.0007802730221736778
276,0.0007772707505324884
6454,0.0007770232439344007
963,0.0007757342606277693
702,0.0007748853732260223
110105,0.0007742964938352849
27131,0.0007709294778787926
20053,0.0007674479867030504
1588,0.0007654714932086815
91,0.0007631309042448757
93765,0.0007624055279942575
651140,0.0007622131662642049
11796,0.0007604368263598778
3231,0.0007601003268190177
2760,0.0007483274535046648
6762,0.0007474556789361254
27837,0.000747165754138224
92263,0.0007437621159512012
35753,0.0007431245815314541
2122,0.0007399535786313775
666763,0.0007388138397182828
20576,0.0007370857926282818
4571,0.0007333546577356699
1183,0.0007307945648494931
688,0.0007295170242947125
14027,0.0007291493340897665
670310,0.000727028177956081
33706,0.0007249808686729796
27260,0.0007237727780401175
1270,0.0007203115932187239
608,0.0007186896213643428
967,0.0007168616558958801
33671,0.0007167877017860744
156,0.0007165883811766335
3849,0.0007161755336824619
67935,0.000712549846547727
884,0.0007114179876570166
17293,0.0007084255717070211
723,0.0007070274273454171
21021,0.0007068123008314876
104684,0.0007055425127874814
8549,0.0007050066242291802
13847,0.0007045417413871493
376,0.0007032614185413541
5036,0.0007010415521422815
666764,0.0006996243484710713
104691,0.0006993108887202028
2508,0.0006983644543141175
94027,0.0006967296479790036
38385,0.0006953412132610704
105466,0.0006933492172112646
848,0.0006898179114450944
3491,0.0006885254409369785
20082,0.0006876080866136892
18620,0.0006875248652169945
2539,0.0006866005554750805
3492,0.0006836380065362018
3478,0.000683012247344045
679776,0.000675954732287111
62630,0.0006724035265118511
114,0.0006714290166757122
666758,0.0006708726697964404
75544,0.0006691322272906279
20755,0.0006667317082251203
20814,0.0006665846533889947
52864,0.0006647093583562603
3220,0.0006644282596323069
10827,0.0006637917760163481
1091,0.0006619163276426167
16116,0.0006614860930683656
1704,0.0006604830993680248
1015,0.00065987950096382
6676,0.0006594154760309631
643,0.000658347219219122
79244,0.000653926542707343
3372,0.0006530513287560302
1161,0.0006508930723447739
105328,0.0006499181537143498
20034,0.0006483316442640563
6211,0.00064819076100483
446,0.0006472637652754414
694711,0.0006423804566848405
21117,0.0006406941817091569
1245,0.0006396718370708812
663606,0.0006363854137819928
4563,0.0006354292014931857
249,0.0006275369897244391
18824,0.0006273986018423749
4964,0.0006246267000803667
60086,0.0006243287325860564
2424,0.0006185776401296866
105015,0.0006148322233330792
666666,0.0006140987016450345
3163,0.0006137456841233617
802,0.000611515511020677
122854,0.0006113792631731871
25592,0.0006090692839418301
4624,0.0006087380873794493
6270,0.0006073743413622298
131028,0.0006022721700957488
21138,0.000602190472913769
42413,0.0006018221781253725
20025,0.0006015287880858869
2283,0.000597182412273075
47,0.0005963033595016248
20727,0.0005942426161423727
27204,0.0005886055108320168
3481,0.0005867293146458409
1266,0.0005866388609007972
18879,0.0005863879468050823
29770,0.0005838709228019147
15366,0.0005796142142346281
6428,0.0005768209700140318
2983,0.0005760529066546061
6473,0.0005751584840477458
11794,0.0005739542603230891
1814,0.0005734974383764722
12367,0.0005713327923465626
16008,0.0005708408224934756
4668,0.0005704358790420935
1113,0.0005697922882372427
11850,0.000565815055896939
96351,0.0005651239372722525
622420,0.0005649605733178325
1168,0.0005621685771277962
20232,0.0005614966929041124
20781,0.0005595802177435073
81569,0.0005589628057399544
1911,0.0005587517096927658
3517,0.000558317779610733
3483,0.0005575776026797833
6811,0.000555844006134391
78346,0.0005515614698749166
5426,0.0005483967956620457
1680,0.0005481617203515802
8185,0.000547340618604628
38341,0.0005472005136250495
36713,0.0005447055425881872
4556,0.0005438352643302077
663921,0.0005431455786195041
5149,0.0005428564523506297
60363,0.0005401527705024286
20535,0.0005390283153182997
6519,0.0005369939917882451
153278,0.0005355515883087474
1984,0.0005347060268116449
16014,0.000533448370612319
291,0.0005330974645509448
705285,0.0005323773914399731
188937,0.0005295646743107533
48363,0.0005274323446526612
21344,0.0005268895404913987
664789,0.0005257205746418024
21034,0.0005245450444738703
24062,0.0005238788153473685
1891,0.0005219219142232724
11932,0.0005212092995485595
8214,0.0005158668548128243
2823,0.0005156405017173273
105961,0.0005141226229375106
78043,0.0005127911518821889
1385,0.0005043668964822756
21218,0.0005025901236601888
1601,0.0005005793412139258
21014,0.0004995975252568603
2423,0.0004994616694982008
17260,0.0004993075399820924
104136,0.0004991905653255043
20196,0.0004989785771248423
7905,0.0004976359036198913
37278,0.0004976083834504514
20258,0.0004948272237112807
664068,0.0004933742980080826
21113,0.0004927955217626886
492,0.0004870726831359797
948,0.00048391920084254184
8706,0.00048310234462947205
77317,0.0004822088411861126
11867,0.00048178639854840136
14148,0.00048106056777716324
84867,0.00048104653076727226
6391,0.00048081431013746755
5996,0.0004799128716153878
655932,0.00047928657841792764
666653,0.00047740611867959294
115674,0.00047712793894082975
94925,0.00047651839882228487
63545,0.0004721640749674873
104132,0.0004712181060357115
66335,0.0004710402288154183
11946,0.0004705692839002811
647,0.0004692420619329734
7916,0.0004670104476309721
10237,0.00046621057444215405
1523,0.0004615065661347791
521931,0.0004612525004710779
38283,0.00045915191423039254
94525,0.00045748527798482053
11239,0.0004572542667938571
4736,0.00045700843551327866
683229,0.0004570077059893
101831,0.00045610835972139605
906,0.00045523788054573045
254927,0.0004547902591089055
12927,0.0004545850098085832
6476,0.0004541084648917079
1219,0.0004537024359973582
663759,0.0004528555037048436
6372,0.0004527387721272776
208975,0.00045197180173870745
91959,0.0004519640999862416
1180,0.00045192933843256957
21330,0.00044931648884678576
101670,0.00044882861232132496
4050,0.00044825634870022946
4348,0.00044665947261310877
21018,0.00044432391535617936
5564,0.0004431323626021497
679529,0.0004426880952161576
2000,0.00044263241320360657
91962,0.00044195770438201244
20138,0.00044048441614150043
18680,0.0004402917496419956
2674,0.0004391685829537888
33165,0.00043866941111343153
17686,0.0004384748380284824
20800,0.0004348240617650826
20395,0.0004347800435186845
8840,0.00043411780932033024
663571,0.0004291606113424727
66343,0.0004271277165869344
13923,0.0004269548014927524
4306,0.00042683740603784495
718,0.0004236336494731338
77328,0.00042166117188534985
19584,0.0004214841640620602
9292,0.0004209264058642265
656197,0.00041998190265167594
106991,0.00041955227435374297
952,0.00041867323754856496
21307,0.00041864952416043635
62745,0.0004180411938366696
30127,0.00041746940048669894
656389,0.0004167602301925764
20458,0.0004158503830497501
1820,0.0004149731195374946
94298,0.000414046025913632
37064,0.0004128570426522712
5073,0.00041197982642167744
12580,0.0004115604599081143
920,0.00041083092162568386
1709,0.00040958465827915954
1038591,0.00040901999236171043
1120568,0.00040738314117824
18048,0.0004072084205380346
2609,0.00040712319814880754
666717,0.0004068068995722793
9896,0.0004067348830590515
1369,0.00040661520102679697
8683,0.0004051411867530253
104538,0.0004043143873338113
62523,0.0004039680565470054
272087,0.00040333428866586946
957,0.00040276479381956613
20721,0.00040185925768131955
2821,0.0004016838330762174
875,0.0004008534665645168
3010,0.0004006259984270886
289,0.0003979302656707323
21188,0.00039792850392981045
2733,0.00039700962936274105
13697,0.00039615184003008143
20012,0.00039518156465857606
252826,0.0003949712089931963
1531,0.0003940986467389472
20158,0.0003933821593501663
51826,0.00039314254367833263
37291,0.00039250649454438655
20673,0.00039186919467009123
9412,0.00039109871515645694
2721,0.00038974305243327366
20487,0.0003895085511897111
6426,0.00038912752680770766
1089,0.00038892427877038386
406142,0.00038793603763855153
663947,0.0003857607933036119
4987,0.00038495919112293463
95612,0.0003848440366073365
47795,0.0003834721951765866
94579,0.0003833670531116331
21225,0.0003830541885648971
407,0.0003812906096192134
4142,0.0003810136703961876
31428,0.0003806693114109652
104539,0.0003803073272235148
104182,0.0003800410281668745
2198,0.0003798694828896809
38391,0.0003797085429843603
1823,0.0003793638684574566
15559,0.0003789435765183653
77343,0.00037692921012701585
51842,0.0003767182354771948
37353,0.0003755880635641251
514,0.0003752934650348666
96718,0.00037522621364312927
11838,0.00037478951081658607
25521,0.0003739339499250633
93270,0.0003731153227148032
1821,0.0003728187938464428
108602,0.0003723233102742258
678519,0.0003701698698133729
4697,0.00036930377062860837
22,0.00036816129838569586
1355,0.00036788877363684585
4083,0.000366900957569096
20190,0.0003667190737026234
21101,0.0003651711231500669
93297,0.00036219906837005084
1902,0.0003619160674418945
60205,0.0003596670022518352
20911,0.000358659724851682
94740,0.00035850013321256835
69876,0.0003577073782310097
62128,0.00035764892498326795
2712,0.0003573022600584805
96156,0.00035669802603442854
104541,0.0003565635629002188
3901,0.0003558715974874756
3222,0.0003538046303037422
5930,0.00035362652445805295
5060,0.00035180763897605326
888,0.0003515374763665324
20867,0.0003502649680605815
20393,0.0003497666189046683
33130,0.00034968549189914503
3942,0.0003490254888981214
20279,0.0003485637667192137
72400,0.0003481331567674531
104857,0.0003473557200906011
17710,0.00034603368034526817
6425,0.0003449065099280882
1260,0.0003446833074660221
519,0.00034225646473483106
71039,0.00034169689824984744
49688,0.000341415791149284
20206,0.0003411949119788605
7896,0.00034103307489408136
33,0.0003404278205362094
1527,0.0003401476608807909
2783,0.00033920566752348584
2776,0.0003390413273377141
15153,0.0003381972308771969
711,0.0003371661634537695
681709,0.00033712096490148586
4436,0.0003370020352901765
20790,0.0003363185839509445
480826,0.0003360315469933168
5206,0.0003359252263579624
6495,0.0003356837451183153
27815,0.00033330966907604804
27761,0.0003332738767585687
201470,0.00033292072981571123
20998,0.00033214228787352683
11880,0.0003310947305433356
24421,0.0003307248739794286
2558,0.0003306343467273311
27172,0.00033021610650167004
92797,0.0003298320403111024
3917,0.00032932700082089806
2811,0.00032774297770049116
3900,0.0003275551203183857
666646,0.0003259609802884792
401877,0.00032584896610682567
20426,0.00032562252050975793
90543,0.000324630416908643
83,0.00032457796536270806
1529,0.00032421627361709984
37955,0.0003216694502888242
20088,0.0003216222592842388
4966,0.00032135133516759804
160561,0.00032114382271858946
27802,0.000318187055642538
21144,0.00031614299344288616
1172,0.0003156586749740919
20552,0.00031555103626281763
3556,0.00031527207709683284
20300,0.0003148252153182685
38309,0.00031359571686307884
14695,0.00031336449398399407
20079,0.00031174725283969674
2245,0.00031088168263270714
105478,0.0003104369297513954
1188,0.0003101349370669718
681308,0.0003097588853356461
667359,0.00030960360407221324
1923,0.00030797939710378106
1025,0.00030657564249488554
4236,0.0003062011531435123
63056,0.0003058558557078925
481,0.00030582296454285696
3479,0.00030515815965913756
512,0.00030512226178126296
2835,0.0003034187600239141
95253,0.0003030525994580738
94615,0.000302949543486995
72550,0.00030233921254132687
851,0.0003022477943478328
1945,0.0003020340027615586
37,0.0003014954956543117
7888,0.0003012492739346497
650922,0.00030119526105153204
5049,0.00030062663475800806
6755,0.0003005231632892337
9805,0.000299752038975481
3067,0.00029968974261868395
18851,0.00029952057158831325
21162,0.00029724811878503656
2167,0.00029723160189790686
20568,0.00029635339455803724
20830,0.0002962486503895177
20278,0.00029612266755272003
78370,0.00029485422059851894
13738,0.0002942702424059533
20912,0.000293562408533223
78447,0.00029271848996651015
79273,0.0002925938108959684
314097,0.00029253172887865254
314,0.00029234916145494296
663641,0.0002922241494704308
18149,0.00029140007474584567
6320,0.0002910452050996849
63623,0.00029071607212304137
11835,0.00029045171418641975
11956,0.00029025536460900424
823,0.00029001957485964944
26480,0.00028887105137337783
20117,0.0002875494407456312
30054,0.0002861230133058685
822,0.00028586545316939605
681291,0.00028569778479571725
667882,0.0002855454828190067
63482,0.00028525036675379326
3684,0.00028513549104252955
12677,0.0002830350368205472
93946,0.0002826000695981792
1227,0.00028202079951808234
29591,0.0002806878408485504
670279,0.00028043997165836553
79928,0.00028018865925940874
3047,0.000279483816339648
325244,0.0002786069185237838
19952,0.0002780760446968389
21063,0.00027781318694871727
11887,0.0002769149496242494
814,0.00027684973818725375
2963,0.000276215270191998
20096,0.00027609357473866523
20064,0.0002757530596951586
22368,0.00027569152075490106
20596,0.00027495136848833756
5703,0.0002740426908935614
663833,0.0002738253307673641
755515,0.0002734028948350023
297,0.00027331652072728585
122148,0.00027260868975571763
3016,0.00027219895372023454
4844,0.0002721387700443099
2954,0.000271377888006231
96568,0.00027117841979663437
105822,0.00027051435862981147
3512,0.00027029398171479155
18089,0.00027026007873425965
20509,0.0002690618295879073
670356,0.0002689641782228975
834,0.0002686805845464234
86431,0.0002680242750689215
3430,0.0002669718976110376
60607,0.00026604506054474426
21327,0.0002660038179020982
4304,0.0002658701693518437
51822,0.0002650034234875069
3960,0.0002640398549638852
2694,0.0002637830650101313
515984,0.0002612492808474221
22748,0.0002609298709881595
106355,0.0002607751453448461
8857,0.0002594615624160023
2720,0.00025935911101990575
4861,0.0002592354318536517
8925,0.0002592305854062138
18813,0.00025689398831204045
5768,0.00025615406797267927
18764,0.0002561087904888758
1412,0.00025594141052767737
20762,0.00025579831930554317
19989,0.00025539412270858883
1186,0.0002547962078470061
8000,0.00025478661198281426
92012,0.0002543860099620775
279477,0.00025433372016738355
670353,0.0002543251972212845
6423,0.00025356774814502624
664661,0.0002533974409048756
96361,0.00025313518017490964
10420,0.00025305661356519473
9358,0.0002529161848464326
29505,0.00025140369647546094
150065,0.00025123377216645644
666701,0.00025107538690856803
20660,0.00025066947760165784
681623,0.0002504162356222951
4384,0.0002484786223390478
1182,0.00024775922269085914
20875,0.0002477450122686041
10072,0.0002469739500281204
37354,0.000246951456495983
4175,0.0002466926289739088
18437,0.0002446942639214307
101268,0.00024407457016445774
1312,0.00024340477853512462
3458,0.00024336908864833057
57937,0.00024279155531932575
93568,0.0002424763341959882
62518,0.00024239942597158932
20424,0.00024201644176715585
9936,0.0002419567688023645
212537,0.00024043714484674989
20559,0.00024016655790586562
7357,0.00023984178063935955
20350,0.00023912202166392673
7887,0.00023911944774531894
133564,0.00023836806434238762
11873,0.00023804635737969626
642336,0.00023790178482047838
4302,0.00023762611406217255
38363,0.00023744300216314775
6577,0.00023593204308362491
21238,0.000234149030956732
20688,0.00023399209690306555
667325,0.00023380229146780144
97414,0.00023378587488951633
36073,0.00023334475621081434
71154,0.0002333292769983717
28560,0.00023223088363270432
69864,0.00023189593332986346
681293,0.00023179859216103464
21081,0.00023174655928659082
78446,0.00023113715489779627
1244,0.00023091427927428824
106985,0.00023076445104840772
21205,0.00023027787139977136
4777,0.0002300409064796398
20290,0.0002298678334797965
4725,0.00022983974082232102
670923,0.00022959611519929825
63733,0.00022914954866374041
3745,0.00022905022813593653
5109,0.00022865148501585142
117225,0.00022822279294957323
112331,0.00022809829564655597
24617,0.0002268523543544008
77339,0.00022676391902304443
511,0.00022653772603764671
683486,0.00022649031579718702
707,0.0002262123275576338
20482,0.00022507093741731251
57890,0.00022466619920686598
25257,0.00022433575104039737
63586,0.00022420519619912652
3509,0.00022386675119300358
11807,0.0002236597986256168
7864,0.00022302188094079883
20492,0.00022248290475510515
2379,0.00022212224344112796
20754,0.00022120516763096456
6474,0.00022088844702651986
396185,0.00022004740398415352
79559,0.00021971965774746885
4245,0.00021919660003784039
28926,0.00021906342681230615
9240,0.00021885950240173877
20869,0.0002184925031062432
3550,0.00021845372075601083
30810,0.00021841094313552803
32878,0.00021826976258883888
2135,0.00021819330925703815
6461,0.00021753626575609893
1125,0.00021692000498931758
35017,0.0002167437725073449
1008,0.00021654705514027007
3102,0.00021599914986863975
14703,0.0002150800442413917
66333,0.0002148135304975271
9305,0.00021467435479564505
665856,0.00021397808962017473
20484,0.00021374019544833603
37172,0.00021301184471794559
62639,0.00021286249194068778
26392,0.0002123888921852659
21339,0.00021138678280875625
77218,0.00021040682708137805
392,0.0002095744323130978
20050,0.00020910663063406553
20587,0.00020809377546605618
107225,0.00020762107796954286
20581,0.0002073772405024318
682140,0.00020724987129843965
8875,0.0002065112546183693
116990,0.00020580721693638717
7962,0.00020577311465257104
26,0.00020536518771900516
4959,0.00020526876625420897
6416,0.00020502353202708006
3538,0.00020440050689443185
670481,0.0002037848865815613
6427,0.00020311895837301378
110905,0.000202347302386841
18572,0.00020181500999959497
18148,0.00020161329901983166
3169,0.00020111648761852083
21040,0.0002007453732315783
11905,0.00020043574978170737
11480,0.00020034035176468387
104544,0.0001991089901474969
656205,0.0001990748423452039
684573,0.00019871939385020506
9062,0.00019835587775875803
22995,0.00019747074179897163
25158,0.00019717572056575489
17300,0.0001965283873170702
95695,0.0001960833236393979
4903,0.00019528947668950462
112393,0.00019494781789098305
20151,0.00019447423377287428
676,0.00019337732867450783
845,0.00019317491225900605
681286,0.00019317147135763252
30344,0.0001926298239867903
2775,0.00019261232197906338
21030,0.00019253058216583485
305337,0.00019194333099919336
20167,0.00019191483090658624
20130,0.00019171291377884553
20067,0.00019106091557800385
3974,0.00018947424884505843
1229,0.00018907078161511096
93858,0.00018877340068331887
3909,0.0001881154643361772
1157,0.00018787923121594223
2047,0.00018648094123241058
21346,0.0001863325769366801
106348,0.00018517723338329443
710,0.00018497543188853298
3804,0.0001844807579285488
5926,0.00018432327163416825
1107954,0.00018410144693389567
37189,0.00018403241741715926
682469,0.00018389603955484263
37069,0.00018365523969083824
17921,0.000182898799825892
23841,0.000182790577515872
60369,0.00018212711478344056
242,0.00018187152410810512
62825,0.0001816875028761877
37348,0.00018161991903528074
644955,0.00018133142537952163
20989,0.00017908304263038695
667737,0.00017853971197960615
16261,0.00017848699761879958
4980,0.00017772338029155047
3113,0.00017765433191131271
1240,0.0001770569244608991
230053,0.0001766345820551017
5094,0.0001761500170488528
59980,0.00017579182117728818
20210,0.00017451693267086274
5130,0.00017446409325362297
20430,0.00017384406220323633
15717,0.00017332312507179628
23008,0.00017315179500445823
38372,0.00017156089623759574
683057,0.00017101510701268216
1986,0.00017024155351596262
685162,0.00016993195874859265
94060,0.00016953954140399693
3678,0.0001694391256718649
776,0.00016923691699484794
4947,0.00016916005284641096
6660,0.00016904145742285563
663808,0.00016874591158614995
5465,0.00016819916140955077
5424,0.00016804112529264972
2050,0.0001667547438669853
4849,0.0001664682153641711
23134,0.00016539226034391065
75607,0.0001643928898707617
9532,0.00016436163289471555
10008,0.0001639516295404582
117,0.00016391699201512717
5139,0.00016380463819459416
97,0.00016290234912106328
2364,0.00016210518498363765
8257,0.00016182641337472874
37335,0.0001614772149613003
104032,0.00016123551072157126
30275,0.00016068918427137327
44522,0.00016058801763998697
3218,0.0001604694028098749
4789,0.00016032416998270707
18078,0.00016013911728055707
2445,0.00016008199941324917
19889,0.00015998873161282866
1079,0.0001598001097879402
20693,0.00015973810505084108
4150,0.0001592490833815121
100174,0.00015848311576179791
37058,0.0001575994633080881
2901,0.0001574492320756222
38302,0.00015707235158729196
720,0.00015700299997220386
1886,0.00015620210722291046
667757,0.00015586507294899836
518635,0.00015566077083545713
1708,0.00015538000024947204
20435,0.0001552825911261589
29501,0.00015478365028978513
107900,0.00015472657936871066
391,0.00015464530058110354
104133,0.00015447753526436108
66342,0.000153950131583124
29580,0.00015367292331401714
105751,0.0001536464374904798
3221,0.00015356331152623055
104150,0.00015349866291700676
10005,0.0001534718475980734
20495,0.00015314502615597158
20253,0.00015291389441685245
663908,0.00015247220735746113
20539,0.0001522198069439313
66014,0.0001521317193620075
913,0.00015188986641158798
20942,0.00015135832069257323
62757,0.0001511316192888185
17871,0.00015081491178709655
4025,0.0001505657182967914
1710,0.00015010891179862367
3709,0.00015004715998088728
4734,0.00015000599596188698
195548,0.0001498108457862613
312,0.00014968009934208793
23905,0.0001487346294999336
21276,0.00014838858176926552
3232,0.00014815874399999279
20879,0.00014798648868362082
77322,0.00014757649820931442
79642,0.00014756307144653464
8880,0.00014745278140949032
18,0.00014742138456445898
59971,0.0001473675209177829
6723,0.00014732846306085483
20127,0.00014722870178559904
5135,0.00014700293292971636
78637,0.00014697409732540836
107409,0.00014678926995936916
21017,0.0001467530738509691
1102,0.00014666864265024758
11906,0.00014618815772164074
711041,0.00014588975967984872
863,0.00014573407505822562
20135,0.0001456382720646796
21009,0.00014547951357017375
29975,0.0001450700473164874
71094,0.00014473415099204958
810,0.00014470831593042604
20691,0.00014470545620453014
106989,0.00014461854789173543
2426,0.00014455541774961999
3793,0.00014446218069160324
1276,0.00014424791462940522
2463,0.0001440332709766338
663617,0.00014374360909693207
248394,0.0001435448688111525
18055,0.00014354353968800757
93978,0.00014281892632902847
38375,0.00014233366133231074
664247,0.0001420012255622997
4906,0.00014176986639744123
17994,0.00014113357862936436
11817,0.00014088275990718757
3062,0.00014071697607498805
94915,0.000140706982319018
26482,0.00014067846924226146
7622,0.00014040001139168905
6408,0.00013985327441233832
20922,0.00013982137600039034
20573,0.0001392738810920828
6475,0.00013924392136915732
9356,0.00013923538254289182
5870,0.0001374554867783052
20107,0.00013722160114691852
5136,0.00013714894121227245
21409,0.00013675203291040896
402217,0.00013600549376129926
11915,0.00013480663153962006
20759,0.00013394389085071766
4956,0.00013390424877800746
1295,0.00013372697346474853
7488,0.0001335966437259467
91996,0.00013327926708834648
77890,0.00013318749564911463
682734,0.00013221253749992593
12095,0.00013218459007919322
3409,0.00013206846595305462
6511,0.00013183815831080973
930176,0.000131776184736167
3797,0.00013165128026143907
9262,0.00013124615024085088
104126,0.00013124377085058417
20965,0.00013118201318934383
24034,0.0001309947414555551
21000,0.00013067844888823367
6376,0.00013040802914533148
107601,0.000130355856206715
2252,0.0001292707982755748
651119,0.0001290114095437404
3569,0.000128445351784116
63718,0.00012778894840972905
3459,0.0001273008040560753
3740,0.00012692191748818775
69857,0.0001268987201930741
102904,0.00012688515150862252
33877,0.0001267912714268198
20326,0.00012650286745634372
24199,0.00012624718623975556
234693,0.00012598887511960008
11814,0.0001255736544157094
655861,0.00012547601546745928
30375,0.0001250713352911057
115241,0.00012487317095292058
179122,0.00012466402494626085
101696,0.0001246122184007478
1160,0.00012436544474411172
60084,0.0001243604692037646
6406,0.00012390436363125254
20533,0.00012354219910320452
21784,0.00012333306802229805
15764,0.00012327957624104803
11871,0.00012281572112559516
4815,0.00012237033609263417
78451,0.00012205460004224622
62851,0.00012132470304510892
20324,0.00012087213251111428
1009,0.00012080794325098853
1751,0.00012045063032366726
30863,0.00012023858288797386
17288,0.00011977152843300218
104137,0.00011969262853862375
2076,0.00011958507313801472
3808,0.00011948362597260167
17264,0.00011944585133999704
722494,0.00011932593318062557
2700,0.00011869273621776547
63839,0.0001186131090785609
44005,0.00011822210912467157
419357,0.00011807137461212539
2847,0.0001179550700670808
14251,0.00011787235861392356
27686,0.00011773991670222447
1861,0.00011727554262136409
94665,0.00011683390027991259
323007,0.00011678539692782957
26353,0.00011659788164097572
71077,0.00011637502089699316
78452,0.00011626195688205085
23632,0.00011622960239800462
1014440,0.00011595279683135103
20664,0.00011582360239426928
77277,0.0001157455947348839
22468,0.00011541514253021604
11964,0.00011501813518684717
230014,0.0001145652851650874
666677,0.00011451182080116409
701686,0.00011414309351210378
672641,0.00011413385923924636
801,0.00011406719789828499
1243,0.0001137242942966045
87759,0.00011370530975426753
96946,0.00011347756665064398
23473,0.00011310348412924498
745,0.00011283546508273734
101601,0.00011264825434680944
113680,0.00011247685926457242
683230,0.00011204522724061423
105935,0.00011175053757881728
664232,0.00011146623162457708
122762,0.00011133607612476982
20077,0.00011128488151848307
8641,0.00011101716008118587
64788,0.00011082944711009665
21134,0.00011076978734989472
1320,0.00011042029981000595
21600,0.00011006489389834782
655530,0.00010943459044599281
186779,0.00010932128657091987
21313,0.00010928275870076332
30213,0.00010911260594453983
1317,0.00010888646073517834
640,0.0001086253823207605
31843,0.00010859937019176428
184334,0.0001073238641177841
21726,0.00010711855535509908
671526,0.00010679569805890186
656431,0.00010675472277344102
2088,0.00010632119842346189
77321,0.00010588026269367683
6387,0.00010575463182972793
4792,0.00010542922710167875
9379,0.00010526807172589268
27804,0.00010471079720983755
60914,0.00010466434190477873
21071,0.00010431904581763762
1177,0.00010429009367194332
62829,0.00010411175522889986
20423,0.00010362560664364645
20563,0.00010329281890851028
9553,0.00010324596963428188
66017,0.00010313384721421231
2725,0.00010308018995344273
667437,0.0001028991598044926
5110,0.00010280466978112391
20639,0.00010265117164729683
20418,0.00010259071477755436
249070,0.00010254574749659049
5873,0.00010240207123588232
32543,0.00010132202916757866
63548,0.00010128216860769234
17276,0.00010092918740227143
51269,0.00010054920591569171
4008,0.00010052154010388093
4988,0.00010029164879133076
4905,0.0001001798401141488
3728,9.99167220961223e-05
33826,9.985942360777952e-05
21628,9.916355053360758e-05
20877,9.902711493944652e-05
665758,9.885014041418981e-05
11853,9.859373502139891e-05
20267,9.855806005041379e-05
635,9.849617281403068e-05
126108,9.83886845005103e-05
19990,9.829861824247619e-05
125305,9.815415606023232e-05
9028,9.786770487744849e-05
20070,9.784090834333211e-05
21062,9.694913498664757e-05
21227,9.676042804817028e-05
3035,9.6616600639061e-05
1262,9.631124995537174e-05
97347,9.606477781695037e-05
639586,9.601781771363281e-05
697499,9.589486031431734e-05
5140,9.535425045365555e-05
2162,9.527086082195862e-05
665055,9.524302018648414e-05
1968,9.504389550214265e-05
62904,9.484341182978197e-05
219820,9.437127564892062e-05
164637,9.4280402822232e-05
651129,9.377733974984769e-05
24396,9.336724687171741e-05
27793,9.320907763832244e-05
1658,9.275798206721328e-05
4981,9.262813375667003e-05
839,9.260095538260715e-05
663620,9.230919261038713e-05
20281,9.173785876709545e-05
63924,9.161565202951889e-05
45,9.124375249536339e-05
8592,9.11769669451334e-05
20013,9.098470569265264e-05
102396,9.094162527987858e-05
8132,9.089916316491228e-05
3803,9.02706419289692e-05
28180,9.000523759600975e-05
723923,8.99839421999059e-05
20014,8.997883201296086e-05
719605,8.956246382652776e-05
4943,8.952575747112935e-05
74774,8.945842690074732e-05
37178,8.893110852849273e-05
30908,8.86818390634331e-05
11878,8.840806247640538e-05
69854,8.814672723876959e-05
9207,8.803531922065194e-05
47765,8.801510526557634e-05
63544,8.798056999375485e-05
20962,8.79189924190147e-05
20868,8.791859891823866e-05
1060,8.76401875174282e-05
664221,8.734718141226709e-05
71246,8.701398811214682e-05
1888,8.692259066143618e-05
71120,8.679122919943927e-05
9022,8.663450038676284e-05
108564,8.66156908991137e-05
9406,8.644141380127655e-05
684652,8.638786769195333e-05
59370,8.62599308652223e-05
4788,8.619026317241523e-05
20318,8.608256821453707e-05
4222,8.565221058558314e-05
1041221,8.392977669625367e-05
3406,8.368693193888937e-05
3666,8.351948761575502e-05
7791,8.345864848558053e-05
18793,8.34258941784173e-05
106987,8.340763003708228e-05
126292,8.293093574562283e-05
20882,8.261502162244188e-05
70549,8.233216992706132e-05
3605,8.198564029225819e-05
2132,8.144260595192659e-05
6534,8.141264463097222e-05
679274,8.138385187542506e-05
5890,8.122163677547457e-05
1650,8.100210675409734e-05
114446,8.032776745941223e-05
4782,8.029694261076519e-05
24740,8.013820076947068e-05
108496,8.012108433406772e-05
33627,8.005355208173727e-05
108562,7.991194263907357e-05
18820,7.981207169053356e-05
8424,7.98100399225364e-05
1089994,7.944665868286331e-05
60318,7.90965034316977e-05
140,7.85335031489355e-05
2243,7.824102740539376e-05
3472,7.805688634209449e-05
4457,7.789503393361065e-05
162224,7.765549011363529e-05
4235,7.750747740612773e-05
88679,7.708236194786327e-05
19999,7.687455011860563e-05
3972,7.680775613044745e-05
88481,7.660487930271126e-05
650946,7.656286923230757e-05
20899,7.63785804195454e-05
93966,7.62837326142765e-05
4294,7.62001925404089e-05
124361,7.604832305265501e-05
268337,7.599582167590388e-05
111468,7.593549549065954e-05
22552,7.544849385187941e-05
4321,7.542861952697503e-05
1247,7.527299471999617e-05
4911,7.512617083957739e-05
21140,7.505741128001114e-05
124731,7.443948955150849e-05
1064471,7.439772678814678e-05
10599,7.411789561296114e-05
887,7.380253927213477e-05
4013,7.320521831492369e-05
1030156,7.307926304673993e-05
4029,7.289164506790297e-05
669368,7.277552959536293e-05
7879,7.274648560815957e-05
656427,7.268743425986726e-05
4729,7.232931125589781e-05
20871,7.199019131696647e-05
2077,7.177732108909348e-05
104704,7.121816199090456e-05
101483,7.116651390803596e-05
199209,7.105755649131572e-05
18029,7.078945454032083e-05
62633,7.050485775298759e-05
20059,7.015498853402236e-05
71174,7.004673576325844e-05
678427,6.974393554759196e-05
753410,6.967322393766837e-05
47556,6.963233194429597e-05
104689,6.912202568580616e-05
2319,6.885477958914475e-05
2235,6.866871006214225e-05
4853,6.855974205393396e-05
21345,6.837396250401626e-05
77307,6.828694833126928e-05
3228,6.825128629897453e-05
138512,6.823300840193539e-05
108464,6.817705948808729e-05
20530,6.801263022771954e-05
16256,6.774292836724156e-05
33742,6.756951816331612e-05
12685,6.751816739758134e-05
101818,6.74460200507428e-05
60244,6.742397726183041e-05
21661,6.736785976116468e-05
78577,6.712697682571146e-05
44,6.708725954521001e-05
57915,6.707797042085855e-05
108465,6.690632604387636e-05
3534,6.687960187679362e-05
3226,6.655000610327613e-05
305846,6.654509232497905e-05
126086,6.65358486848982e-05
33768,6.628337065249982e-05
20837,6.626703564864821e-05
20060,6.599714902951537e-05
4422,6.589133354833149e-05
155432,6.580739974076817e-05
681306,6.579930457216958e-05
3395,6.56759752681868e-05
84684,6.559780517661873e-05
5952,6.534025643235882e-05
11901,6.52232878580283e-05
78641,6.493367278765906e-05
666772,6.472436819704497e-05
33773,6.462180048598365e-05
105792,6.447269953012212e-05
1030566,6.446237881376811e-05
164465,6.379367069236858e-05
20202,6.375316161599948e-05
9345,6.35591709134885e-05
93927,6.353118173305006e-05
29150,6.339137789815799e-05
104321,6.325807701847337e-05
17149,6.319957446243746e-05
94619,6.301611562589225e-05
95744,6.283610931894781e-05
4774,6.250421767325653e-05
673743,6.214807017712559e-05
20818,6.197882619449235e-05
77111,6.183495661215682e-05
18209,6.18045632973532e-05
179193,6.17991783224322e-05
71241,6.158712493365158e-05
5827,6.146388393315253e-05
63529,6.118998900408272e-05
4922,6.110764087578097e-05
38429,6.080276558659756e-05
84872,6.066056031220612e-05
6019,6.0582358625978256e-05
21154,6.0389746941092725e-05
3404,6.036693053126975e-05
4260,5.960924243772638e-05
4113,5.9539618048219266e-05
3639,5.952865656665908e-05
43514,5.9172529711841246e-05
1032030,5.8907994016888505e-05
642382,5.8386445664307704e-05
663534,5.778513480606374e-05
2434,5.774531328991952e-05
681863,5.767004414041142e-05
110047,5.765489759543595e-05
670343,5.7617639448317546e-05
77608,5.7200285101940884e-05
27977,5.71594226631755e-05
177007,5.694278641899817e-05
4658,5.6913786192970415e-05
663838,5.6734236096253424e-05
30953,5.6481672917528154e-05
5043,5.644271242819789e-05
3451,5.637864801104808e-05
80176,5.6157304214255056e-05
20655,5.55877041825787e-05
77295,5.5481738857344555e-05
8498,5.528471707403293e-05
663737,5.5251982063116934e-05
79233,5.518709380077558e-05
13772,5.504879545458829e-05
10419,5.4977558356666965e-05
90889,5.463542945929921e-05
20307,5.4392074971782895e-05
9955,5.4239746036711344e-05
4835,5.422717005171533e-05
75045,5.3982559613151255e-05
7348,5.373600453560826e-05
666797,5.351556026164717e-05
1268,5.321177112775633e-05
708,5.2727521511783186e-05
106983,5.251903486782625e-05
681643,5.230791041301623e-05
840,5.226778437718001e-05
7790,5.218322191259306e-05
303638,5.176313078921554e-05
663619,5.1595474069763734e-05
670302,5.109148788660438e-05
104699,5.106193911341225e-05
1042562,5.1000357266694994e-05
78633,5.0735164409722844e-05
60342,5.073418076711981e-05
104534,5.037979228279158e-05
2027,5.000220851355315e-05
1044255,4.9984531593845794e-05
9193,4.998349291663932e-05
4821,4.982024790808589e-05
21242,4.971692726500193e-05
3009,4.907435199383911e-05
28515,4.836793131174287e-05
706141,4.825995168552437e-05
707743,4.780045572228636e-05
25461,4.77593404325679e-05
155424,4.7545332360341085e-05
2662,4.7541199441867356e-05
132539,4.7425874524207114e-05
131136,4.69064517718656e-05
22034,4.672001049879902e-05
117131,4.62585696552902e-05
20433,4.623235209339826e-05
1768,4.614652533526584e-05
11885,4.613870902302375e-05
677800,4.590167223966072e-05
62844,4.5815652517960266e-05
70142,4.560015553718436e-05
2690,4.55770650500925e-05
3949,4.5351594202045843e-05
664490,4.515208912153436e-05
4189,4.502638734545154e-05
83627,4.494840855764951e-05
11965,4.479695785347302e-05
4890,4.4664179477179685e-05
83214,4.451834008341575e-05
2214,4.438596087372894e-05
106884,4.437732054856619e-05
700417,4.4347749706959254e-05
104540,4.4184682009375064e-05
27359,4.416714756190055e-05
681305,4.4041380064280185e-05
683066,4.4008863333228294e-05
21467,4.357348436901464e-05
2123,4.317077707410197e-05
38542,4.302237105794175e-05
11920,4.3018172164865217e-05
26335,4.2781216952099226e-05
2250,4.20951801050484e-05
2313,4.20177412089554e-05
113769,4.170489289203439e-05
69822,4.169689636537067e-05
146022,4.169438201198036e-05
693314,4.160937259822952e-05
705507,4.151427900032875e-05
8810,4.143549385586636e-05
1024068,4.108893648384519e-05
12826,4.103174667089033e-05
9367,4.084202541060248e-05
452,4.0747579796588454e-05
3120,4.067081367435711e-05
8336,4.065426841052864e-05
1021166,4.0560567617242486e-05
1092770,4.05506892193256e-05
764980,4.0477850098908855e-05
1049123,4.041865422419343e-05
48361,4.024473852261361e-05
1258,4.0181747516251115e-05
5861,3.9980233991515197e-05
108466,3.988387956480495e-05
94580,3.97785402621303e-05
1051833,3.972444886139754e-05
93824,3.972428735025464e-05
670254,3.965026639830449e-05
2810,3.9503997861336107e-05
94141,3.945506847898794e-05
160752,3.929128428734098e-05
670306,3.909917494562224e-05
37356,3.8646824514461225e-05
2115,3.859549747387731e-05
77276,3.854607253013617e-05
9052,3.8174103748707736e-05
14813,3.8021258391362744e-05
85530,3.800607449697554e-05
682680,3.799171300296539e-05
9841,3.794274308715252e-05
45155,3.7796112186657827e-05
240397,3.769422884643186e-05
867,3.7334031559687886e-05
155836,3.719238057181459e-05
77261,3.7062430779376965e-05
118530,3.6922497213529236e-05
903,3.655100628022544e-05
38018,3.648383038316917e-05
20228,3.648086438843701e-05
104130,3.6478879285911306e-05
75026,3.645822569283977e-05
25716,3.6388493368186675e-05
106535,3.630598197093358e-05
664231,3.605191573720439e-05
70138,3.563231387212957e-05
165990,3.5508759367785544e-05
60212,3.5156495700882814e-05
58098,3.487677990140091e-05
4752,3.463297331458406e-05
4186,3.462401893836291e-05
3674,3.449714152178204e-05
79720,3.449649157140328e-05
23583,3.409893445548699e-05
1211,3.408642845594088e-05
60424,3.3925888148012726e-05
179150,3.3844016851726737e-05
95896,3.3813864803643556e-05
92746,3.368243394656199e-05
107685,3.3578077502848e-05
8477,3.352847377422068e-05
77341,3.349212226066083e-05
2106,3.342267944388825e-05
104128,3.3367149743704335e-05
110900,3.2654335328028836e-05
3415,3.258368399502202e-05
681304,3.24957099649875e-05
112236,3.212804764434423e-05
21474,3.18900377194488e-05
75184,3.153578822982876e-05
94845,3.146187456744189e-05
113752,3.133162303789818e-05
95011,3.1281481496051425e-05
104687,3.1112376713034766e-05
110698,3.1096015019788956e-05
91943,3.099630978123422e-05
280408,3.097615895348772e-05
481205,3.0927865506958906e-05
108503,3.078544165422986e-05
75027,3.0768362920743887e-05
448,3.067696846570278e-05
779474,3.06105363724861e-05
3904,3.0508311541645444e-05
96920,3.040998821609751e-05
221170,3.0357852507874614e-05
73214,3.015691381963178e-05
9359,3.000091037665146e-05
18421,2.9974470758064906e-05
78758,2.9746171830230155e-05
280253,2.9702454941037968e-05
20929,2.9685547928789154e-05
122915,2.926803510517859e-05
21077,2.9242304825577725e-05
77305,2.9071410432171177e-05
77253,2.903098749609149e-05
22893,2.8831063092410415e-05
4857,2.8806341261397167e-05
693722,2.8644912733898203e-05
663579,2.8603300451809503e-05
716002,2.848160680150512e-05
5161,2.8312573163380682e-05
21686,2.8265310373821646e-05
123094,2.8259184487869912e-05
25934,2.7960730048002116e-05
3439,2.7951268429416794e-05
1067598,2.789167775034523e-05
61868,2.780002047117067e-05
88673,2.7787724194087846e-05
228176,2.7749661077829646e-05
104676,2.770886990303345e-05
830,2.748916440249143e-05
111635,2.7191365434795906e-05
672555,2.7147369188287163e-05
21253,2.6891098258515125e-05
104131,2.6883754469853017e-05
682491,2.6322540629277206e-05
104697,2.6048081873234187e-05
98175,2.5915571270796928e-05
75021,2.5863876098267642e-05
1352,2.5732772330814923e-05
105468,2.5396061091357757e-05
160815,2.5197958912307525e-05
123843,2.5187955103848344e-05
181088,2.5062211030676442e-05
666242,2.5013065152757903e-05
5473,2.4933492848187042e-05
3791,2.483327662648958e-05
101771,2.4628913167540748e-05
71139,2.462331287211608e-05
4313,2.4540312533581784e-05
103454,2.4155891537141995e-05
111521,2.4000549155975136e-05
30296,2.3989357971439102e-05
104705,2.3901004877321878e-05
71061,2.3873068801368872e-05
83682,2.363793805078076e-05
195580,2.3533536943673324e-05
753885,2.336604875214098e-05
30952,2.267649727152628e-05
1048438,2.267631990699751e-05
112738,2.261639553839071e-05
3922,2.2514510522893205e-05
108222,2.236841157660311e-05
3474,2.202101460178256e-05
51893,2.166170212969115e-05
691,2.141893039529984e-05
17239,2.141759093125345e-05
104678,2.1153914582038828e-05
3729,2.1056312117008708e-05
73260,2.0939720494379206e-05
108478,2.0859628907050106e-05
78274,2.0797489243341e-05
61717,2.050456030209568e-05
2108,2.0497937481012294e-05
7683,2.048658565434563e-05
681748,2.0410576337896596e-05
37953,2.039135406485219e-05
718900,2.0328511445326925e-05
711072,2.0167011086844796e-05
19463,1.9613366593115368e-05
104134,1.9603165143138603e-05
694375,1.9466671278737464e-05
396762,1.9440085102635815e-05
683259,1.8805529899532667e-05
131025,1.8677274072006952e-05
90608,1.8618937454800016e-05
1035760,1.8541243272119864e-05
4800,1.7680138201938432e-05
713693,1.7656322806042864e-05
60612,1.762192228906193e-05
18939,1.7380018049209384e-05
110049,1.7342578845505688e-05
107978,1.7186726340576377e-05
681640,1.7179492952131808e-05
2345,1.7078603279754766e-05
70819,1.707533932116627e-05
1095899,1.7066483718249404e-05
665613,1.704455768297448e-05
681297,1.672545550630931e-05
2520,1.6680896880422306e-05
94070,1.665737055591025e-05
21005,1.664857251281197e-05
1014309,1.651667692527213e-05
69835,1.6310466313888458e-05
663562,1.6248493435460752e-05
41562,1.599750039747153e-05
96927,1.5955352052809833e-05
20416,1.5869970017111885e-05
655586,1.58086697554344e-05
112130,1.567045827704046e-05
3884,1.5510334381843878e-05
3462,1.542968078639772e-05
17268,1.532060433928316e-05
17271,1.5261294943803784e-05
705291,1.4932211529882862e-05
62854,1.4836413774485346e-05
104127,1.4812055615740623e-05
1842,1.4758466148110397e-05
47544,1.4585080214968264e-05
664105,1.4504995387431409e-05
698631,1.4251967921501024e-05
160790,1.4230004804727436e-05
257653,1.4024045343889445e-05
106649,1.4001487011763274e-05
111390,1.3705187256291553e-05
62727,1.3584089428778035e-05
8690,1.3567682163722502e-05
213777,1.3508700508342556e-05
3307,1.3480535352705707e-05
9039,1.3276124891282635e-05
1099803,1.3210484149635768e-05
104698,1.316891119292446e-05
35897,1.307148890979341e-05
110195,1.3039782117557844e-05
36671,1.2865029003872945e-05
175711,1.2756948832486382e-05
4892,1.2748716246494745e-05
699238,1.2688632447152591e-05
735374,1.262741907289566e-05
71092,1.2511038197074934e-05
109989,1.2369582061613754e-05
59847,1.2340532590004378e-05
37028,1.1954322357012204e-05
2238,1.1640337760701632e-05
667301,1.153704019685157e-05
1064079,1.1499689529037686e-05
78583,1.140165730194921e-05
3579,1.1304710597640214e-05
104542,1.1274630558520606e-05
60956,1.126289742004334e-05
693440,1.1161769777621683e-05
10010,1.0928054433455933e-05
3601,1.0921770675067748e-05
677738,1.0773650229558805e-05
202027,1.0713863987823594e-05
9403,1.063975060961305e-05
665468,1.0492049851599064e-05
700727,1.046172550387972e-05
6781,1.0453241861091521e-05
175795,1.0304595821396388e-05
96887,1.0105555476641073e-05
1252,1.0066454039330235e-05
62834,1.0008835875241876e-05
7884,9.98283578894405e-06
681415,9.962030270841157e-06
62519,9.939071121347909e-06
4352,9.798061078708902e-06
4399,9.756793628670336e-06
1118839,9.675734948583239e-06
123221,9.62331221014312e-06
3208,9.57977593923039e-06
823126,9.574737392608219e-06
107262,9.458488020547381e-06
90590,9.410667411792786e-06
5464,9.060462059313762e-06
37202,8.969832382426342e-06
17259,8.967368661525814e-06
667698,8.929993184882527e-06
107761,8.892584217090145e-06
798299,8.814731892978003e-06
87960,8.732142436893779e-06
6140,8.694342260931295e-06
29281,8.647359579328393e-06
194881,8.454405870844507e-06
57841,8.447080296271077e-06
231217,8.434391070931866e-06
82143,8.334263253490747e-06
51617,8.27424315442224e-06
20093,8.250628605446408e-06
701316,8.165214729266232e-06
108618,7.985206589866019e-06
666526,7.66321686462033e-06
154086,7.611412864587968e-06
407840,7.439230208390677e-06
60204,7.393549739403633e-06
664253,7.269558965407768e-06
683401,7.009073199282279e-06
86341,6.9735696076880804e-06
69834,6.9428164081666724e-06
664348,6.869912616753925e-06
6779,6.373772516566864e-06
69889,6.329315431072867e-06
22015,6.2249271520625455e-06
189344,6.208344822479198e-06
10112,5.9137440860836825e-06
716475,5.711656205974894e-06
683597,5.6316481799949376e-06
210613,5.6154017597733874e-06
686285,5.608060784885678e-06
663548,5.4654342174710724e-06
3336,5.443457362769643e-06
693707,5.423542822822655e-06
153915,5.31671338247192e-06
734769,5.313148842906419e-06
160770,5.275285492641631e-06
30445,5.076191151309321e-06
5456,5.066116121822824e-06
1020498,5.017644983341936e-06
660386,4.9513406528166465e-06
667815,4.775336104195724e-06
60393,4.67373983816005e-06
78578,4.666637056478262e-06
874,4.660910817335464e-06
21710,4.601327809266721e-06
46680,4.515393154995465e-06
61906,4.369189642551402e-06
15692,4.315467491449826e-06
94186,4.303557883957248e-06
663683,4.248403078250753e-06
112195,4.177481401161941e-06
4898,4.114966219814121e-06
3883,3.975670929995896e-06
247256,3.919652426562231e-06
18842,3.895982310020673e-06
678710,3.8678544871483185e-06
3086,3.867147183964263e-06
762643,3.762048645432486e-06
6675,3.7230077259829755e-06
730068,3.5774573787613926e-06
4731,3.528063950909814e-06
51828,3.5107174384924993e-06
3361,3.4428042249592893e-06
71179,3.4057324615453535e-06
355472,3.341589682172853e-06
669445,3.3299145662306142e-06
114448,3.3254469132496636e-06
83890,3.281209834987333e-06
136262,3.269821302348745e-06
126134,3.2493606634894333e-06
89640,3.231409389353085e-06
3843,3.16211962970664e-06
14570,3.147044419319504e-06
17392,3.121805575495906e-06
682681,3.032001519043458e-06
107903,3.0304512613851422e-06
715186,3.0266433828307754e-06
706,3.0060390619388757e-06
1034353,2.9947450248136647e-06
28233,2.9698337304401383e-06
4221,2.9194387259373395e-06
1017,2.905980079908402e-06
22458,2.8459991931406205e-06
234785,2.788641235180481e-06
298367,2.7481887531429707e-06
17846,2.7283362135033885e-06
1108861,2.6054381228258636e-06
828,2.6030422211596065e-06
3770,2.5728174754976023e-06
160789,2.537354006878285e-06
664242,2.533590415965618e-06
373538,2.4895759372534464e-06
3975,2.4670232221695146e-06
269349,2.4652533047184935e-06
5395,2.358646115376448e-06
663569,2.208373773213602e-06
426135,2.205134425481853e-06
18944,2.2050156369324986e-06
151640,2.2011335892629573e-06
699235,2.190736440260693e-06
155187,2.146899937967408e-06
126126,2.104173181178294e-06
724013,2.1014337464726365e-06
47805,2.027046638920918e-06
114388,1.9606722024910037e-06
668899,1.8863022759096917e-06
107679,1.6654186520295814e-06
665637,1.5110118858673304e-06
106977,1.5024523838738932e-06
111354,1.3478138913190963e-06
7006,1.3057673981214001e-06
59614,1.2624852824909426e-06
112202,1.2463821986866166e-06
85328,1.1874899307594618e-06
88986,1.1743708256004304e-06
108440,1.0704259444974572e-06
100128,1.006985079548459e-06
8970,8.893197617959461e-07
1031133,8.865024690267664e-07
107902,8.65675980443282e-07
1204,8.02607778982217e-07
27648,7.357970055738241e-07
122826,6.501635892253721e-07
104237,6.404019436670634e-07
651234,5.99728912588863e-07
460540,5.388141823960979e-07
133186,5.270357475511392e-07
1048147,5.081344994200386e-07
10285,5.040484603343491e-07
106992,4.184211192405392e-07
1130556,3.814809850439507e-07
78731,3.6707501965943e-07
374672,3.470080996934756e-07
153703,3.066485102896625e-07
103002,2.4663088938926667e-07
682518,2.2024214481555187e-07
698006,1.9803554553244402e-07
229032,1.7323230334589145e-07
122396,1.670973791547486e-07
137053,1.3688320950327734e-07
1144191,1.237668669529526e-07
168058,1.0292710970641586e-07
723922,5.494177311268653e-08
83378,4.919480527289388e-08
130558,4.11013030866049e-08
252959,3.493555825277242e-08
780027,3.461831404304763e-08
734755,0.0
297711,0.0
705286,0.0
85053,0.0
199861,0.0
705289,0.0
44143,0.0
695151,0.0
678518,0.0
278193,0.0
686819,0.0
699178,0.0
682461,0.0
455315,0.0
277759,0.0
129269,0.0
84194,0.0
667199,0.0
108612,0.0
799756,0.0
1054830,0.0
686284,0.0
645026,0.0
104197,0.0
103825,0.0
222725,0.0
697953,0.0
669378,0.0
38410,0.0
36554,0.0
1056339,0.0
761813,0.0
196484,0.0
