Trial,Strategy,Threshold_Dist,Final_Fraction,TimeToConverge
0,Random,Fixed_0.2,0.011367641875220304,1
0,Degree,Fixed_0.2,0.9955939372576665,9
0,Betweenness,Fixed_0.2,0.9955939372576665,11
1,Random,Fixed_0.2,0.011279520620373634,2
1,Degree,Fixed_0.2,0.9955939372576665,9
1,Betweenness,Fixed_0.2,0.9955939372576665,11
2,Random,Fixed_0.2,0.012160733168840324,3
2,Degree,Fixed_0.2,0.9955939372576665,9
2,Betweenness,Fixed_0.2,0.9955939372576665,11
3,Random,Fixed_0.2,0.011455763130066972,2
3,Degree,Fixed_0.2,0.9955939372576665,9
3,Betweenness,Fixed_0.2,0.9955939372576665,11
4,Random,Fixed_0.2,0.011367641875220304,2
4,Degree,Fixed_0.2,0.9955939372576665,9
4,Betweenness,Fixed_0.2,0.9955939372576665,11
0,Random,Fixed_0.2,0.12416284807895664,23
0,Degree,Fixed_0.2,0.9955939372576665,7
0,Betweenness,Fixed_0.2,0.9958583010222065,6
1,Random,Fixed_0.2,0.9957701797673599,36
1,Degree,Fixed_0.2,0.9955939372576665,7
1,Betweenness,Fixed_0.2,0.9958583010222065,6
2,Random,Fixed_0.2,0.07190694395488191,8
2,Degree,Fixed_0.2,0.9955939372576665,7
2,Betweenness,Fixed_0.2,0.9958583010222065,6
3,Random,Fixed_0.2,0.9956820585125132,28
3,Degree,Fixed_0.2,0.9955939372576665,7
3,Betweenness,Fixed_0.2,0.9958583010222065,6
4,Random,Fixed_0.2,0.08371519210433556,41
4,Degree,Fixed_0.2,0.9955939372576665,7
4,Betweenness,Fixed_0.2,0.9958583010222065,6
0,Random,Uniform,0.1521854071201974,28
0,Degree,Uniform,0.7375749030666197,46
0,Betweenness,Uniform,0.6559746210786042,50
1,Random,Uniform,0.17254141698977793,37
1,Degree,Uniform,0.7136940430031724,50
1,Betweenness,Uniform,0.7045294324991188,50
2,Random,Uniform,0.3746915756080367,50
2,Degree,Uniform,0.8054282692985548,50
2,Betweenness,Uniform,0.7659499471272471,50
3,Random,Uniform,0.22329925978145929,50
3,Degree,Uniform,0.7777581952767008,50
3,Betweenness,Uniform,0.7371342967923863,50
4,Random,Uniform,0.21633768064857242,37
4,Degree,Uniform,0.7919457173070145,50
4,Betweenness,Uniform,0.7605745505816003,48
0,Random,Uniform,0.5444131124427212,30
0,Degree,Uniform,0.9243038420867113,50
0,Betweenness,Uniform,0.8670250264363765,38
1,Random,Uniform,0.6125308424391963,49
1,Degree,Uniform,0.8809481847021502,30
1,Betweenness,Uniform,0.8627952062037363,34
2,Random,Uniform,0.5968452590764892,47
2,Degree,Uniform,0.8931089178709904,24
2,Betweenness,Uniform,0.8664081776524498,39
3,Random,Uniform,0.7817236517448009,49
3,Degree,Uniform,0.9149629890729644,29
3,Betweenness,Uniform,0.8763658794501233,27
4,Random,Uniform,0.7913288685230878,50
4,Degree,Uniform,0.9334684525907649,19
4,Betweenness,Uniform,0.9228939020091647,29
0,Random,Beta_Low,0.021413464927740572,8
0,Degree,Beta_Low,0.9955939372576665,8
0,Betweenness,Beta_Low,0.9955939372576665,9
1,Random,Beta_Low,0.019122312301727177,8
1,Degree,Beta_Low,0.9953295734931266,8
1,Betweenness,Beta_Low,0.9953295734931266,10
2,Random,Beta_Low,0.9953295734931266,29
2,Degree,Beta_Low,0.9953295734931266,10
2,Betweenness,Beta_Low,0.9953295734931266,12
3,Random,Beta_Low,0.9955939372576665,45
3,Degree,Beta_Low,0.9955939372576665,11
3,Betweenness,Beta_Low,0.9955939372576665,12
4,Random,Beta_Low,0.021060979908353896,10
4,Degree,Beta_Low,0.9953295734931266,9
4,Betweenness,Beta_Low,0.9953295734931266,11
0,Random,Beta_Low,0.9955058160028198,8
0,Degree,Beta_Low,0.9953295734931266,6
0,Betweenness,Beta_Low,0.9955939372576665,6
1,Random,Beta_Low,0.9955058160028198,8
1,Degree,Beta_Low,0.9953295734931266,7
1,Betweenness,Beta_Low,0.9955939372576665,6
2,Random,Beta_Low,0.9953295734931266,9
2,Degree,Beta_Low,0.9951533309834332,7
2,Betweenness,Beta_Low,0.9954176947479733,6
3,Random,Beta_Low,0.9956820585125132,7
3,Degree,Beta_Low,0.9953295734931266,7
3,Betweenness,Beta_Low,0.9955939372576665,6
4,Random,Beta_Low,0.9954176947479733,8
4,Degree,Beta_Low,0.9954176947479733,7
4,Betweenness,Beta_Low,0.9956820585125132,7
0,Random,Beta_Symmetric,0.01163200563976031,2
0,Degree,Beta_Symmetric,0.514892492069087,50
0,Betweenness,Beta_Symmetric,0.09693338033133592,19
1,Random,Beta_Symmetric,0.01083891434614029,3
1,Degree,Beta_Symmetric,0.312566090941135,41
1,Betweenness,Beta_Symmetric,0.08671131476912232,19
2,Random,Beta_Symmetric,0.011103278110680296,1
2,Degree,Beta_Symmetric,0.25687345787804017,50
2,Betweenness,Beta_Symmetric,0.07631300669721537,9
3,Random,Beta_Symmetric,0.01172012689460698,2
3,Degree,Beta_Symmetric,0.28736341205498767,36
3,Betweenness,Beta_Symmetric,0.09305604511808248,15
4,Random,Beta_Symmetric,0.01172012689460698,2
4,Degree,Beta_Symmetric,0.30586887557278813,50
4,Betweenness,Beta_Symmetric,0.0824814945364822,24
0,Random,Beta_Symmetric,0.06538597109622842,7
0,Degree,Beta_Symmetric,0.9368170602749383,21
0,Betweenness,Beta_Symmetric,0.9307366936905181,28
1,Random,Beta_Symmetric,0.06891082129009517,10
1,Degree,Beta_Symmetric,0.9899541769474798,38
1,Betweenness,Beta_Symmetric,0.9347902714134649,50
2,Random,Beta_Symmetric,0.0690870637997885,5
2,Degree,Beta_Symmetric,0.9284455410645047,19
2,Betweenness,Beta_Symmetric,0.9296792386323581,32
3,Random,Beta_Symmetric,0.06424039478322172,8
3,Degree,Beta_Symmetric,0.9321466337680648,20
3,Betweenness,Beta_Symmetric,0.9319703912583716,43
4,Random,Beta_Symmetric,0.06670778991892845,5
4,Degree,Beta_Symmetric,0.9317941487486782,18
4,Betweenness,Beta_Symmetric,0.8442016214310892,30
0,Random,Beta_High,0.010045823052520268,1
0,Degree,Beta_High,0.012160733168840324,1
0,Betweenness,Beta_High,0.011015156855833628,1
1,Random,Beta_High,0.010045823052520268,1
1,Degree,Beta_High,0.012248854423686993,2
1,Betweenness,Beta_High,0.011279520620373634,2
2,Random,Beta_High,0.009957701797673598,0
2,Degree,Beta_High,0.011279520620373634,1
2,Betweenness,Beta_High,0.01075079309129362,1
3,Random,Beta_High,0.010045823052520268,1
3,Degree,Beta_High,0.01163200563976031,2
3,Betweenness,Beta_High,0.010927035600986958,1
4,Random,Beta_High,0.010045823052520268,1
4,Degree,Beta_High,0.01163200563976031,1
4,Betweenness,Beta_High,0.01083891434614029,1
0,Random,Beta_High,0.050493479027141346,1
0,Degree,Beta_High,0.07234755022911527,4
0,Betweenness,Beta_High,0.06300669721536835,3
1,Random,Beta_High,0.05040535777229468,1
1,Degree,Beta_High,0.07146633768064857,3
1,Betweenness,Beta_High,0.06256609094113501,3
2,Random,Beta_High,0.05075784279168136,2
2,Degree,Beta_High,0.07102573140641523,3
2,Betweenness,Beta_High,0.06291857596052168,3
3,Random,Beta_High,0.050493479027141346,1
3,Degree,Beta_High,0.06961579132886853,3
3,Betweenness,Beta_High,0.059746210786041594,2
4,Random,Beta_High,0.05014099400775467,1
4,Degree,Beta_High,0.0699682763482552,4
4,Betweenness,Beta_High,0.06221360592174833,6
0,Random,Normal,0.013570673246387029,3
0,Degree,Normal,0.9952414522382799,18
0,Betweenness,Normal,0.9952414522382799,21
1,Random,Normal,0.013218188227000353,2
1,Degree,Normal,0.9953295734931266,15
1,Betweenness,Normal,0.9953295734931266,18
2,Random,Normal,0.013835037010927035,5
2,Degree,Normal,0.9952414522382799,15
2,Betweenness,Normal,0.9952414522382799,18
3,Random,Normal,0.013041945717307015,4
3,Degree,Normal,0.9955939372576665,18
3,Betweenness,Normal,0.9955939372576665,23
4,Random,Normal,0.013130066972153683,3
4,Degree,Normal,0.9953295734931266,17
4,Betweenness,Normal,0.9953295734931266,22
0,Random,Normal,0.07534367289390201,15
0,Degree,Normal,0.9953295734931266,10
0,Betweenness,Normal,0.9955939372576665,9
1,Random,Normal,0.07014451885794853,11
1,Degree,Normal,0.9953295734931266,10
1,Betweenness,Normal,0.9955939372576665,10
2,Random,Normal,0.07296439901304194,10
2,Degree,Normal,0.9955939372576665,11
2,Betweenness,Normal,0.9958583010222065,12
3,Random,Normal,0.07992597814592879,12
3,Degree,Normal,0.9952414522382799,9
3,Betweenness,Normal,0.9955058160028198,9
4,Random,Normal,0.08301022206556222,9
4,Degree,Normal,0.9954176947479733,10
4,Betweenness,Normal,0.9956820585125132,11
0,Random,Constant_0.05,0.9955939372576665,5
0,Degree,Constant_0.05,0.9955939372576665,3
0,Betweenness,Constant_0.05,0.9955939372576665,4
1,Random,Constant_0.05,0.9955939372576665,5
1,Degree,Constant_0.05,0.9955939372576665,3
1,Betweenness,Constant_0.05,0.9955939372576665,4
2,Random,Constant_0.05,0.9957701797673599,5
2,Degree,Constant_0.05,0.9955939372576665,3
2,Betweenness,Constant_0.05,0.9955939372576665,4
3,Random,Constant_0.05,0.9956820585125132,5
3,Degree,Constant_0.05,0.9955939372576665,3
3,Betweenness,Constant_0.05,0.9955939372576665,4
4,Random,Constant_0.05,0.9955939372576665,6
4,Degree,Constant_0.05,0.9955939372576665,3
4,Betweenness,Constant_0.05,0.9955939372576665,4
0,Random,Constant_0.05,0.9957701797673599,4
0,Betweenness,Constant_0.05,0.9958583010222065,3
1,Random,Constant_0.05,0.9958583010222065,4
1,Betweenness,Constant_0.05,0.9958583010222065,3
2,Random,Constant_0.05,0.9956820585125132,3
2,Betweenness,Constant_0.05,0.9958583010222065,3
3,Random,Constant_0.05,0.9957701797673599,4
3,Betweenness,Constant_0.05,0.9958583010222065,3
4,Random,Constant_0.05,0.9959464222770532,4
4,Betweenness,Constant_0.05,0.9958583010222065,3
0,Random,Constant_0.1,0.9955939372576665,13
0,Degree,Constant_0.1,0.9955939372576665,5
0,Betweenness,Constant_0.1,0.9955939372576665,5
1,Random,Constant_0.1,0.9955939372576665,12
1,Degree,Constant_0.1,0.9955939372576665,5
1,Betweenness,Constant_0.1,0.9955939372576665,5
2,Random,Constant_0.1,0.9955939372576665,12
2,Degree,Constant_0.1,0.9955939372576665,5
2,Betweenness,Constant_0.1,0.9955939372576665,5
3,Random,Constant_0.1,0.9955939372576665,11
3,Degree,Constant_0.1,0.9955939372576665,5
3,Betweenness,Constant_0.1,0.9955939372576665,5
4,Random,Constant_0.1,0.9956820585125132,15
4,Degree,Constant_0.1,0.9955939372576665,5
4,Betweenness,Constant_0.1,0.9955939372576665,5
0,Random,Constant_0.1,0.9956820585125132,5
0,Degree,Constant_0.1,0.9955939372576665,4
0,Betweenness,Constant_0.1,0.9958583010222065,3
1,Random,Constant_0.1,0.9956820585125132,4
1,Degree,Constant_0.1,0.9955939372576665,4
1,Betweenness,Constant_0.1,0.9958583010222065,3
2,Random,Constant_0.1,0.9959464222770532,5
2,Degree,Constant_0.1,0.9955939372576665,4
2,Betweenness,Constant_0.1,0.9958583010222065,3
3,Random,Constant_0.1,0.9958583010222065,4
3,Degree,Constant_0.1,0.9955939372576665,4
3,Betweenness,Constant_0.1,0.9958583010222065,3
4,Random,Constant_0.1,0.9957701797673599,5
4,Degree,Constant_0.1,0.9955939372576665,4
4,Betweenness,Constant_0.1,0.9958583010222065,3
0,Random,Constant_0.15,0.011896369404300318,2
0,Degree,Constant_0.15,0.9955939372576665,6
0,Betweenness,Constant_0.15,0.9955939372576665,7
1,Random,Constant_0.15,0.013570673246387029,8
1,Degree,Constant_0.15,0.9955939372576665,6
1,Betweenness,Constant_0.15,0.9955939372576665,7
2,Random,Constant_0.15,0.018417342262953825,12
2,Degree,Constant_0.15,0.9955939372576665,6
2,Betweenness,Constant_0.15,0.9955939372576665,7
3,Random,Constant_0.15,0.013923158265773705,9
3,Degree,Constant_0.15,0.9955939372576665,6
3,Betweenness,Constant_0.15,0.9955939372576665,7
4,Random,Constant_0.15,0.012777581952767007,4
4,Degree,Constant_0.15,0.9955939372576665,6
4,Betweenness,Constant_0.15,0.9955939372576665,7
0,Random,Constant_0.15,0.9957701797673599,10
0,Degree,Constant_0.15,0.9955939372576665,5
0,Betweenness,Constant_0.15,0.9958583010222065,4
1,Random,Constant_0.15,0.9958583010222065,12
1,Degree,Constant_0.15,0.9955939372576665,5
1,Betweenness,Constant_0.15,0.9958583010222065,4
2,Random,Constant_0.15,0.9957701797673599,10
2,Degree,Constant_0.15,0.9955939372576665,5
2,Betweenness,Constant_0.15,0.9958583010222065,4
3,Random,Constant_0.15,0.9956820585125132,11
3,Degree,Constant_0.15,0.9955939372576665,5
3,Betweenness,Constant_0.15,0.9958583010222065,4
4,Random,Constant_0.15,0.9955939372576665,10
4,Degree,Constant_0.15,0.9955939372576665,5
4,Betweenness,Constant_0.15,0.9958583010222065,4
0,Random,Constant_0.2,0.01172012689460698,2
0,Degree,Constant_0.2,0.9955939372576665,9
0,Betweenness,Constant_0.2,0.9955939372576665,11
1,Random,Constant_0.2,0.011367641875220304,3
1,Degree,Constant_0.2,0.9955939372576665,9
1,Betweenness,Constant_0.2,0.9955939372576665,11
2,Random,Constant_0.2,0.011191399365526966,2
2,Degree,Constant_0.2,0.9955939372576665,9
2,Betweenness,Constant_0.2,0.9955939372576665,11
3,Random,Constant_0.2,0.013394430736693691,6
3,Degree,Constant_0.2,0.9955939372576665,9
3,Betweenness,Constant_0.2,0.9955939372576665,11
4,Random,Constant_0.2,0.011543884384913642,2
4,Degree,Constant_0.2,0.9955939372576665,9
4,Betweenness,Constant_0.2,0.9955939372576665,11
0,Random,Constant_0.2,0.9959464222770532,34
0,Degree,Constant_0.2,0.9955939372576665,7
0,Betweenness,Constant_0.2,0.9958583010222065,6
1,Random,Constant_0.2,0.9959464222770532,37
1,Degree,Constant_0.2,0.9955939372576665,7
1,Betweenness,Constant_0.2,0.9958583010222065,6
2,Random,Constant_0.2,0.9957701797673599,32
2,Degree,Constant_0.2,0.9955939372576665,7
2,Betweenness,Constant_0.2,0.9958583010222065,6
3,Random,Constant_0.2,0.9958583010222065,41
3,Degree,Constant_0.2,0.9955939372576665,7
3,Betweenness,Constant_0.2,0.9958583010222065,6
4,Random,Constant_0.2,0.9957701797673599,43
4,Degree,Constant_0.2,0.9955939372576665,7
4,Betweenness,Constant_0.2,0.9958583010222065,6
0,Random,Constant_0.3,0.010398308071906944,2
0,Degree,Constant_0.3,0.9955939372576665,36
0,Betweenness,Constant_0.3,0.031723651744800845,5
1,Random,Constant_0.3,0.01083891434614029,3
1,Degree,Constant_0.3,0.9955939372576665,36
1,Betweenness,Constant_0.3,0.031723651744800845,5
2,Random,Constant_0.3,0.010486429326753612,1
2,Degree,Constant_0.3,0.9955939372576665,36
2,Betweenness,Constant_0.3,0.031723651744800845,5
3,Random,Constant_0.3,0.010398308071906944,2
3,Degree,Constant_0.3,0.9955939372576665,36
3,Betweenness,Constant_0.3,0.031723651744800845,5
4,Random,Constant_0.3,0.010133944307366936,1
4,Degree,Constant_0.3,0.9955939372576665,36
4,Betweenness,Constant_0.3,0.031723651744800845,5
0,Random,Constant_0.3,0.053489601691928096,4
0,Degree,Constant_0.3,0.9955939372576665,14
0,Betweenness,Constant_0.3,0.9958583010222065,16
1,Random,Constant_0.3,0.05542826929855481,7
1,Degree,Constant_0.3,0.9955939372576665,14
1,Betweenness,Constant_0.3,0.9958583010222065,16
2,Random,Constant_0.3,0.05216778286922806,2
2,Degree,Constant_0.3,0.9955939372576665,14
2,Betweenness,Constant_0.3,0.9958583010222065,16
3,Random,Constant_0.3,0.05155093408530138,2
3,Degree,Constant_0.3,0.9955939372576665,14
3,Betweenness,Constant_0.3,0.9958583010222065,16
4,Random,Constant_0.3,0.05199154035953472,2
4,Degree,Constant_0.3,0.9955939372576665,14
4,Betweenness,Constant_0.3,0.9958583010222065,16
0,Random,Constant_0.4,0.010133944307366936,1
0,Degree,Constant_0.4,0.01806485724356715,2
0,Betweenness,Constant_0.4,0.014716249559393726,2
1,Random,Constant_0.4,0.010222065562213606,1
1,Degree,Constant_0.4,0.01806485724356715,2
1,Betweenness,Constant_0.4,0.014716249559393726,2
2,Random,Constant_0.4,0.010133944307366936,1
2,Degree,Constant_0.4,0.01806485724356715,2
2,Betweenness,Constant_0.4,0.014716249559393726,2
3,Random,Constant_0.4,0.010045823052520268,1
3,Degree,Constant_0.4,0.01806485724356715,2
3,Betweenness,Constant_0.4,0.014716249559393726,2
4,Random,Constant_0.4,0.010133944307366936,1
4,Degree,Constant_0.4,0.01806485724356715,2
4,Betweenness,Constant_0.4,0.014716249559393726,2
0,Random,Constant_0.4,0.05155093408530138,2
0,Degree,Constant_0.4,0.9348783926683116,24
0,Betweenness,Constant_0.4,0.9350546351780049,27
1,Random,Constant_0.4,0.051286570320761365,1
1,Degree,Constant_0.4,0.9348783926683116,24
1,Betweenness,Constant_0.4,0.9350546351780049,27
2,Random,Constant_0.4,0.05172717659499471,3
2,Degree,Constant_0.4,0.9348783926683116,24
2,Betweenness,Constant_0.4,0.9350546351780049,27
3,Random,Constant_0.4,0.05111032781106803,2
3,Degree,Constant_0.4,0.9348783926683116,24
3,Betweenness,Constant_0.4,0.9350546351780049,27
4,Random,Constant_0.4,0.051286570320761365,1
4,Degree,Constant_0.4,0.9348783926683116,24
4,Betweenness,Constant_0.4,0.9350546351780049,27
5,Random,Fixed_0.2,0.01083891434614029,1
5,Degree,Fixed_0.2,0.9955939372576665,9
5,Betweenness,Fixed_0.2,0.9955939372576665,11
5,Random,Fixed_0.2,0.9956820585125132,27
5,Degree,Fixed_0.2,0.9955939372576665,7
5,Betweenness,Fixed_0.2,0.9958583010222065,6
5,Random,Uniform,0.24788508988367994,50
5,Degree,Uniform,0.8280754317941488,50
5,Betweenness,Uniform,0.7313182939725061,42
5,Random,Uniform,0.7616320056397603,41
5,Degree,Uniform,0.9233345082833979,44
5,Betweenness,Uniform,0.8810363059569968,34
5,Random,Beta_Low,0.9954176947479733,37
5,Degree,Beta_Low,0.9953295734931266,9
5,Betweenness,Beta_Low,0.9953295734931266,10
5,Random,Beta_Low,0.9958583010222065,10
5,Degree,Beta_Low,0.9953295734931266,7
5,Betweenness,Beta_Low,0.9955939372576665,7
